-- MySQL dump 10.13  Distrib 5.7.33, for Win64 (x86_64)
--
-- Host: 127.0.0.1    Database: ssmbuild
-- ------------------------------------------------------
-- Server version	5.7.33

/*!40101 SET @OLD_CHARACTER_SET_CLIENT=@@CHARACTER_SET_CLIENT */;
/*!40101 SET @OLD_CHARACTER_SET_RESULTS=@@CHARACTER_SET_RESULTS */;
/*!40101 SET @OLD_COLLATION_CONNECTION=@@COLLATION_CONNECTION */;
/*!40101 SET NAMES utf8 */;
/*!40103 SET @OLD_TIME_ZONE=@@TIME_ZONE */;
/*!40103 SET TIME_ZONE='+00:00' */;
/*!40014 SET @OLD_UNIQUE_CHECKS=@@UNIQUE_CHECKS, UNIQUE_CHECKS=0 */;
/*!40014 SET @OLD_FOREIGN_KEY_CHECKS=@@FOREIGN_KEY_CHECKS, FOREIGN_KEY_CHECKS=0 */;
/*!40101 SET @OLD_SQL_MODE=@@SQL_MODE, SQL_MODE='NO_AUTO_VALUE_ON_ZERO' */;
/*!40111 SET @OLD_SQL_NOTES=@@SQL_NOTES, SQL_NOTES=0 */;

--
-- Table structure for table `t_dept`
--

DROP TABLE IF EXISTS `t_dept`;
/*!40101 SET @saved_cs_client     = @@character_set_client */;
/*!40101 SET character_set_client = utf8 */;
CREATE TABLE `t_dept` (
  `dept_id` int(11) NOT NULL AUTO_INCREMENT,
  `dept_name` varchar(255) NOT NULL,
  PRIMARY KEY (`dept_id`)
) ENGINE=InnoDB AUTO_INCREMENT=8 DEFAULT CHARSET=utf8;
/*!40101 SET character_set_client = @saved_cs_client */;

--
-- Dumping data for table `t_dept`
--

LOCK TABLES `t_dept` WRITE;
/*!40000 ALTER TABLE `t_dept` DISABLE KEYS */;
INSERT INTO `t_dept` VALUES (1,'开发部'),(2,'测试部'),(3,'运营部'),(4,'管理部'),(5,'行政部'),(6,'d1部'),(7,'d2部');
/*!40000 ALTER TABLE `t_dept` ENABLE KEYS */;
UNLOCK TABLES;

--
-- Table structure for table `t_emp`
--

DROP TABLE IF EXISTS `t_emp`;
/*!40101 SET @saved_cs_client     = @@character_set_client */;
/*!40101 SET character_set_client = utf8 */;
CREATE TABLE `t_emp` (
  `emp_id` int(11) NOT NULL AUTO_INCREMENT,
  `emp_name` varchar(255) NOT NULL,
  `gender` char(1) DEFAULT NULL,
  `email` varchar(255) DEFAULT NULL,
  `d_id` int(11) NOT NULL,
  PRIMARY KEY (`emp_id`),
  KEY `fk_emp_dept` (`d_id`),
  CONSTRAINT `fk_emp_dept` FOREIGN KEY (`d_id`) REFERENCES `t_dept` (`dept_id`)
) ENGINE=InnoDB AUTO_INCREMENT=1045 DEFAULT CHARSET=utf8;
/*!40101 SET character_set_client = @saved_cs_client */;

--
-- Dumping data for table `t_emp`
--

LOCK TABLES `t_emp` WRITE;
/*!40000 ALTER TABLE `t_emp` DISABLE KEYS */;
INSERT INTO `t_emp` VALUES (1,'NewJerry','M','Jerry@qq.com',1),(2,'e08bd0','M','e08bd0@qq.com',1),(3,'523631','M','523631@qq.com',1),(4,'25ba62','M','25ba62@qq.com',1),(5,'cf3f83','M','cf3f83@qq.com',1),(6,'08f324','M','08f324@qq.com',1),(7,'b78165','M','b78165@qq.com',1),(8,'742ab6','M','742ab6@qq.com',1),(9,'986ce7','M','986ce7@qq.com',1),(10,'690028','M','690028@qq.com',1),(11,'43adb9','M','43adb9@qq.com',1),(12,'9562c10','M','9562c10@qq.com',1),(13,'e1eed11','M','e1eed11@qq.com',1),(14,'cb56f12','M','cb56f12@qq.com',1),(15,'134bb13','M','134bb13@qq.com',1),(16,'c0c0814','M','c0c0814@qq.com',1),(17,'31a8315','M','31a8315@qq.com',1),(18,'b707d16','M','b707d16@qq.com',1),(19,'e27f717','M','e27f717@qq.com',1),(20,'0fd9218','M','0fd9218@qq.com',1),(30,'f2d8428','M','f2d8428@qq.com',1),(32,'8439d30','M','8439d30@qq.com',1),(33,'1553031','M','1553031@qq.com',1),(34,'524e032','M','524e032@qq.com',1),(35,'384fa33','M','384fa33@qq.com',1),(36,'bd60c34','M','bd60c34@qq.com',1),(37,'ce81735','M','ce81735@qq.com',1),(38,'6d1bb36','M','6d1bb36@qq.com',1),(39,'de07a37','M','de07a37@qq.com',1),(40,'1aba938','M','1aba938@qq.com',1),(41,'c4de239','M','c4de239@qq.com',1),(42,'d704340','M','d704340@qq.com',1),(43,'f92c941','M','f92c941@qq.com',1),(44,'7c2a042','M','7c2a042@qq.com',1),(45,'b09ed43','M','b09ed43@qq.com',1),(46,'8ffa844','M','8ffa844@qq.com',1),(47,'a6d6645','M','a6d6645@qq.com',1),(48,'5fc8946','M','5fc8946@qq.com',1),(49,'d220047','M','d220047@qq.com',1),(50,'60a5c48','M','60a5c48@qq.com',1),(51,'d5d7449','M','d5d7449@qq.com',1),(52,'b439c50','M','b439c50@qq.com',1),(53,'1fff651','M','1fff651@qq.com',1),(54,'fc6ef52','M','fc6ef52@qq.com',1),(55,'37d1d53','M','37d1d53@qq.com',1),(56,'0133f54','M','0133f54@qq.com',1),(57,'5cce155','M','5cce155@qq.com',1),(58,'317a556','M','317a556@qq.com',1),(59,'1d47857','M','1d47857@qq.com',1),(60,'ca8aa58','M','ca8aa58@qq.com',1),(61,'d11e159','M','d11e159@qq.com',1),(62,'e803e60','M','e803e60@qq.com',1),(63,'4ed1361','M','4ed1361@qq.com',1),(64,'b4df862','M','b4df862@qq.com',1),(65,'69c5d63','M','69c5d63@qq.com',1),(66,'17da464','M','17da464@qq.com',1),(67,'40cf465','M','40cf465@qq.com',1),(68,'e583266','M','e583266@qq.com',1),(69,'5501567','M','5501567@qq.com',1),(70,'a78cc68','M','a78cc68@qq.com',1),(71,'4a5ca69','M','4a5ca69@qq.com',1),(72,'70c9870','M','70c9870@qq.com',1),(73,'c21f971','M','c21f971@qq.com',1),(74,'d30c572','M','d30c572@qq.com',1),(75,'531a173','M','531a173@qq.com',1),(76,'30b8e74','M','30b8e74@qq.com',1),(77,'c8cc075','M','c8cc075@qq.com',1),(78,'8ea6a76','M','8ea6a76@qq.com',1),(79,'b389377','M','b389377@qq.com',1),(80,'b355278','M','b355278@qq.com',1),(81,'3ff1079','M','3ff1079@qq.com',1),(82,'6c94a80','M','6c94a80@qq.com',1),(83,'754d281','M','754d281@qq.com',1),(84,'1d2a782','M','1d2a782@qq.com',1),(85,'c8d5f83','M','c8d5f83@qq.com',1),(86,'8b12984','M','8b12984@qq.com',1),(87,'0af3785','M','0af3785@qq.com',1),(88,'1b82086','M','1b82086@qq.com',1),(89,'452a187','M','452a187@qq.com',1),(90,'3406f88','M','3406f88@qq.com',1),(91,'69cf989','M','69cf989@qq.com',1),(92,'a4e5d90','M','a4e5d90@qq.com',1),(93,'15bf691','M','15bf691@qq.com',1),(94,'595ee92','M','595ee92@qq.com',1),(95,'cbc3b93','M','cbc3b93@qq.com',1),(96,'fc6cb94','M','fc6cb94@qq.com',1),(97,'8305e95','M','8305e95@qq.com',1),(98,'c353a96','M','c353a96@qq.com',1),(99,'c591a97','M','c591a97@qq.com',1),(100,'454c898','M','454c898@qq.com',1),(101,'ddc3a99','M','ddc3a99@qq.com',1),(102,'1bb3b100','M','1bb3b100@qq.com',1),(103,'cb893101','M','cb893101@qq.com',1),(104,'71ef3102','M','71ef3102@qq.com',1),(105,'474e9103','M','474e9103@qq.com',1),(106,'10beb104','M','10beb104@qq.com',1),(107,'b12e4105','M','b12e4105@qq.com',1),(108,'d05d8106','M','d05d8106@qq.com',1),(109,'ac288107','M','ac288107@qq.com',1),(110,'fedd9108','M','fedd9108@qq.com',1),(111,'f3a01109','M','f3a01109@qq.com',1),(112,'d059d110','M','d059d110@qq.com',1),(113,'2f342111','M','2f342111@qq.com',1),(114,'23f4d112','M','23f4d112@qq.com',1),(115,'efafa113','M','efafa113@qq.com',1),(116,'95e6f114','M','95e6f114@qq.com',1),(117,'1c4fe115','M','1c4fe115@qq.com',1),(118,'6d053116','M','6d053116@qq.com',1),(119,'df128117','M','df128117@qq.com',1),(120,'a59ae118','M','a59ae118@qq.com',1),(121,'a6cdc119','M','a6cdc119@qq.com',1),(122,'a2f25120','M','a2f25120@qq.com',1),(123,'69db5121','M','69db5121@qq.com',1),(124,'8727d122','M','8727d122@qq.com',1),(125,'47370123','M','47370123@qq.com',1),(126,'3b82a124','M','3b82a124@qq.com',1),(127,'a91a5125','M','a91a5125@qq.com',1),(128,'8a29a126','M','8a29a126@qq.com',1),(129,'45a55127','M','45a55127@qq.com',1),(130,'4a387128','M','4a387128@qq.com',1),(131,'e7d1e129','M','e7d1e129@qq.com',1),(132,'eebbf130','M','eebbf130@qq.com',1),(133,'23eba131','M','23eba131@qq.com',1),(134,'0fed8132','M','0fed8132@qq.com',1),(135,'a2faf133','M','a2faf133@qq.com',1),(136,'b9a0d134','M','b9a0d134@qq.com',1),(137,'c7519135','M','c7519135@qq.com',1),(138,'0cfd2136','M','0cfd2136@qq.com',1),(139,'8e76b137','M','8e76b137@qq.com',1),(140,'69736138','M','69736138@qq.com',1),(141,'5b3c0139','M','5b3c0139@qq.com',1),(142,'3566d140','M','3566d140@qq.com',1),(143,'4191e141','M','4191e141@qq.com',1),(144,'c2891142','M','c2891142@qq.com',1),(145,'43ed8143','M','43ed8143@qq.com',1),(146,'2071f144','M','2071f144@qq.com',1),(147,'f7fef145','M','f7fef145@qq.com',1),(148,'d4ff9146','M','d4ff9146@qq.com',1),(149,'d9689147','M','d9689147@qq.com',1),(150,'2c677148','M','2c677148@qq.com',1),(151,'8ac76149','M','8ac76149@qq.com',1),(152,'70de9150','M','70de9150@qq.com',1),(153,'6eb90151','M','6eb90151@qq.com',1),(154,'cabe2152','M','cabe2152@qq.com',1),(155,'b401d153','M','b401d153@qq.com',1),(156,'3b1d2154','M','3b1d2154@qq.com',1),(157,'5b552155','M','5b552155@qq.com',1),(158,'6fdb2156','M','6fdb2156@qq.com',1),(159,'78ea1157','M','78ea1157@qq.com',1),(160,'1bb86158','M','1bb86158@qq.com',1),(161,'3d3ac159','M','3d3ac159@qq.com',1),(162,'7af66160','M','7af66160@qq.com',1),(163,'bce2e161','M','bce2e161@qq.com',1),(164,'f3456162','M','f3456162@qq.com',1),(165,'8e273163','M','8e273163@qq.com',1),(166,'51f02164','M','51f02164@qq.com',1),(167,'6022d165','M','6022d165@qq.com',1),(168,'cf9ef166','M','cf9ef166@qq.com',1),(169,'ec42e167','M','ec42e167@qq.com',1),(170,'fff3f168','M','fff3f168@qq.com',1),(171,'9d81f169','M','9d81f169@qq.com',1),(172,'d6700170','M','d6700170@qq.com',1),(173,'c8e04171','M','c8e04171@qq.com',1),(174,'c0b5b172','M','c0b5b172@qq.com',1),(175,'de0eb173','M','de0eb173@qq.com',1),(176,'7a939174','M','7a939174@qq.com',1),(177,'70126175','M','70126175@qq.com',1),(178,'a2f30176','M','a2f30176@qq.com',1),(179,'ff4e6177','M','ff4e6177@qq.com',1),(180,'f5d94178','M','f5d94178@qq.com',1),(181,'e8657179','M','e8657179@qq.com',1),(182,'8cdef180','M','8cdef180@qq.com',1),(183,'375d3181','M','375d3181@qq.com',1),(184,'1604a182','M','1604a182@qq.com',1),(185,'038d7183','M','038d7183@qq.com',1),(186,'1cc84184','M','1cc84184@qq.com',1),(187,'2b755185','M','2b755185@qq.com',1),(188,'db5d5186','M','db5d5186@qq.com',1),(189,'afc0a187','M','afc0a187@qq.com',1),(190,'c49b8188','M','c49b8188@qq.com',1),(191,'a1085189','M','a1085189@qq.com',1),(192,'c7e9b190','M','c7e9b190@qq.com',1),(193,'57583191','M','57583191@qq.com',1),(194,'8f6f9192','M','8f6f9192@qq.com',1),(195,'fa290193','M','fa290193@qq.com',1),(196,'bce10194','M','bce10194@qq.com',1),(197,'8e03e195','M','8e03e195@qq.com',1),(198,'f2243196','M','f2243196@qq.com',1),(199,'29720197','M','29720197@qq.com',1),(200,'a04c7198','M','a04c7198@qq.com',1),(201,'8181f199','M','8181f199@qq.com',1),(202,'0b0fb200','M','0b0fb200@qq.com',1),(203,'7cfd5201','M','7cfd5201@qq.com',1),(204,'6a024202','M','6a024202@qq.com',1),(205,'3d44d203','M','3d44d203@qq.com',1),(206,'24c3b204','M','24c3b204@qq.com',1),(207,'bba72205','M','bba72205@qq.com',1),(208,'2806d206','M','2806d206@qq.com',1),(209,'b9dc0207','M','b9dc0207@qq.com',1),(210,'e6a7c208','M','e6a7c208@qq.com',1),(211,'97eb0209','M','97eb0209@qq.com',1),(212,'35424210','M','35424210@qq.com',1),(213,'44ede211','M','44ede211@qq.com',1),(214,'50071212','M','50071212@qq.com',1),(215,'c43e0213','M','c43e0213@qq.com',1),(216,'3ff91214','M','3ff91214@qq.com',1),(217,'01369215','M','01369215@qq.com',1),(218,'0b42a216','M','0b42a216@qq.com',1),(219,'b88d1217','M','b88d1217@qq.com',1),(220,'187b0218','M','187b0218@qq.com',1),(221,'f4a89219','M','f4a89219@qq.com',1),(222,'2c021220','M','2c021220@qq.com',1),(223,'cafc2221','M','cafc2221@qq.com',1),(224,'129a2222','M','129a2222@qq.com',1),(225,'accfc223','M','accfc223@qq.com',1),(226,'a1152224','M','a1152224@qq.com',1),(227,'a848b225','M','a848b225@qq.com',1),(228,'e1f4b226','M','e1f4b226@qq.com',1),(229,'34779227','M','34779227@qq.com',1),(230,'f8b33228','M','f8b33228@qq.com',1),(231,'bb28e229','M','bb28e229@qq.com',1),(232,'23c4e230','M','23c4e230@qq.com',1),(233,'ebd19231','M','ebd19231@qq.com',1),(234,'d5ea6232','M','d5ea6232@qq.com',1),(235,'e5ea1233','M','e5ea1233@qq.com',1),(236,'5423d234','M','5423d234@qq.com',1),(237,'9da78235','M','9da78235@qq.com',1),(238,'98c1a236','M','98c1a236@qq.com',1),(239,'500ef237','M','500ef237@qq.com',1),(240,'3be6c238','M','3be6c238@qq.com',1),(241,'80e0c239','M','80e0c239@qq.com',1),(242,'d1163240','M','d1163240@qq.com',1),(243,'b18a7241','M','b18a7241@qq.com',1),(244,'41f56242','M','41f56242@qq.com',1),(245,'3b176243','M','3b176243@qq.com',1),(246,'ec6e6244','M','ec6e6244@qq.com',1),(247,'46df5245','M','46df5245@qq.com',1),(248,'c3099246','M','c3099246@qq.com',1),(249,'15423247','M','15423247@qq.com',1),(250,'f776c248','M','f776c248@qq.com',1),(251,'64253249','M','64253249@qq.com',1),(252,'0b41d250','M','0b41d250@qq.com',1),(253,'cb06f251','M','cb06f251@qq.com',1),(254,'f3a9b252','M','f3a9b252@qq.com',1),(255,'b1429253','M','b1429253@qq.com',1),(256,'b692f254','M','b692f254@qq.com',1),(257,'97963255','M','97963255@qq.com',1),(258,'411db256','M','411db256@qq.com',1),(259,'5312d257','M','5312d257@qq.com',1),(260,'269b6258','M','269b6258@qq.com',1),(261,'e54ab259','M','e54ab259@qq.com',1),(262,'29804260','M','29804260@qq.com',1),(263,'bd658261','M','bd658261@qq.com',1),(264,'3005c262','M','3005c262@qq.com',1),(265,'623f4263','M','623f4263@qq.com',1),(266,'60062264','M','60062264@qq.com',1),(267,'1e20e265','M','1e20e265@qq.com',1),(268,'b0bc4266','M','b0bc4266@qq.com',1),(269,'91622267','M','91622267@qq.com',1),(270,'492c9268','M','492c9268@qq.com',1),(271,'cec13269','M','cec13269@qq.com',1),(272,'67f97270','M','67f97270@qq.com',1),(273,'f3207271','M','f3207271@qq.com',1),(274,'08606272','M','08606272@qq.com',1),(275,'75160273','M','75160273@qq.com',1),(276,'fb6cb274','M','fb6cb274@qq.com',1),(277,'9634f275','M','9634f275@qq.com',1),(278,'09aac276','M','09aac276@qq.com',1),(279,'290b9277','M','290b9277@qq.com',1),(280,'99bdb278','M','99bdb278@qq.com',1),(281,'12919279','M','12919279@qq.com',1),(282,'7c87b280','M','7c87b280@qq.com',1),(283,'aed8f281','M','aed8f281@qq.com',1),(284,'1fe07282','M','1fe07282@qq.com',1),(285,'2dcf4283','M','2dcf4283@qq.com',1),(286,'4f8f2284','M','4f8f2284@qq.com',1),(287,'4600d285','M','4600d285@qq.com',1),(288,'e6686286','M','e6686286@qq.com',1),(289,'995ea287','M','995ea287@qq.com',1),(290,'3a1aa288','M','3a1aa288@qq.com',1),(291,'4c8c4289','M','4c8c4289@qq.com',1),(292,'452e9290','M','452e9290@qq.com',1),(293,'94691291','M','94691291@qq.com',1),(294,'0fa58292','M','0fa58292@qq.com',1),(295,'1b459293','M','1b459293@qq.com',1),(296,'65cc2294','M','65cc2294@qq.com',1),(297,'0b1dc295','M','0b1dc295@qq.com',1),(298,'d4a61296','M','d4a61296@qq.com',1),(299,'ed909297','M','ed909297@qq.com',1),(300,'3eda3298','M','3eda3298@qq.com',1),(301,'a04d1299','M','a04d1299@qq.com',1),(302,'9518e300','M','9518e300@qq.com',1),(303,'7c5fa301','M','7c5fa301@qq.com',1),(304,'c67ec302','M','c67ec302@qq.com',1),(305,'1ab5a303','M','1ab5a303@qq.com',1),(306,'f34ef304','M','f34ef304@qq.com',1),(307,'552d5305','M','552d5305@qq.com',1),(308,'5a6a6306','M','5a6a6306@qq.com',1),(309,'36578307','M','36578307@qq.com',1),(310,'a331d308','M','a331d308@qq.com',1),(311,'af53e309','M','af53e309@qq.com',1),(312,'96109310','M','96109310@qq.com',1),(313,'61817311','M','61817311@qq.com',1),(314,'e3134312','M','e3134312@qq.com',1),(315,'cf32d313','M','cf32d313@qq.com',1),(316,'73606314','M','73606314@qq.com',1),(317,'59632315','M','59632315@qq.com',1),(318,'4e375316','M','4e375316@qq.com',1),(319,'3a6c5317','M','3a6c5317@qq.com',1),(320,'9cdff318','M','9cdff318@qq.com',1),(321,'0c287319','M','0c287319@qq.com',1),(322,'f36d5320','M','f36d5320@qq.com',1),(323,'1531c321','M','1531c321@qq.com',1),(324,'35629322','M','35629322@qq.com',1),(325,'31b5f323','M','31b5f323@qq.com',1),(326,'d9b8b324','M','d9b8b324@qq.com',1),(327,'41ce2325','M','41ce2325@qq.com',1),(328,'b41a7326','M','b41a7326@qq.com',1),(329,'aa121327','M','aa121327@qq.com',1),(330,'a285f328','M','a285f328@qq.com',1),(331,'a1ac3329','M','a1ac3329@qq.com',1),(332,'cba2e330','M','cba2e330@qq.com',1),(333,'3a19e331','M','3a19e331@qq.com',1),(334,'7d908332','M','7d908332@qq.com',1),(335,'59a63333','M','59a63333@qq.com',1),(336,'9eb86334','M','9eb86334@qq.com',1),(337,'c4001335','M','c4001335@qq.com',1),(338,'05278336','M','05278336@qq.com',1),(339,'b5096337','M','b5096337@qq.com',1),(340,'a4665338','M','a4665338@qq.com',1),(341,'a7891339','M','a7891339@qq.com',1),(342,'950f2340','M','950f2340@qq.com',1),(343,'b57fe341','M','b57fe341@qq.com',1),(344,'f7039342','M','f7039342@qq.com',1),(345,'f2cf9343','M','f2cf9343@qq.com',1),(346,'267ab344','M','267ab344@qq.com',1),(347,'7dff0345','M','7dff0345@qq.com',1),(348,'4d0af346','M','4d0af346@qq.com',1),(349,'ba9ae347','M','ba9ae347@qq.com',1),(350,'15b70348','M','15b70348@qq.com',1),(351,'d488f349','M','d488f349@qq.com',1),(352,'07040350','M','07040350@qq.com',1),(353,'7e1f4351','M','7e1f4351@qq.com',1),(354,'1cbe0352','M','1cbe0352@qq.com',1),(355,'354f1353','M','354f1353@qq.com',1),(356,'3584c354','M','3584c354@qq.com',1),(357,'12441355','M','12441355@qq.com',1),(358,'5c9f9356','M','5c9f9356@qq.com',1),(359,'a9b47357','M','a9b47357@qq.com',1),(360,'153d6358','M','153d6358@qq.com',1),(361,'886bb359','M','886bb359@qq.com',1),(362,'7f1ef360','M','7f1ef360@qq.com',1),(363,'192d9361','M','192d9361@qq.com',1),(364,'33e96362','M','33e96362@qq.com',1),(365,'2e8e9363','M','2e8e9363@qq.com',1),(366,'23289364','M','23289364@qq.com',1),(367,'aba42365','M','aba42365@qq.com',1),(368,'6930d366','M','6930d366@qq.com',1),(369,'58a81367','M','58a81367@qq.com',1),(370,'64d83368','M','64d83368@qq.com',1),(371,'3ccfd369','M','3ccfd369@qq.com',1),(372,'a393e370','M','a393e370@qq.com',1),(373,'c9418371','M','c9418371@qq.com',1),(374,'d8368372','M','d8368372@qq.com',1),(375,'907b2373','M','907b2373@qq.com',1),(376,'37271374','M','37271374@qq.com',1),(377,'24f94375','M','24f94375@qq.com',1),(378,'6390b376','M','6390b376@qq.com',1),(379,'673e8377','M','673e8377@qq.com',1),(380,'699a9378','M','699a9378@qq.com',1),(381,'c249e379','M','c249e379@qq.com',1),(382,'c96f6380','M','c96f6380@qq.com',1),(383,'fe7b3381','M','fe7b3381@qq.com',1),(384,'cae93382','M','cae93382@qq.com',1),(385,'bc5fc383','M','bc5fc383@qq.com',1),(386,'f9c6d384','M','f9c6d384@qq.com',1),(387,'b798b385','M','b798b385@qq.com',1),(388,'cb6e4386','M','cb6e4386@qq.com',1),(389,'6a7b5387','M','6a7b5387@qq.com',1),(390,'b7abb388','M','b7abb388@qq.com',1),(391,'f7d6e389','M','f7d6e389@qq.com',1),(392,'97974390','M','97974390@qq.com',1),(393,'6246f391','M','6246f391@qq.com',1),(394,'0b310392','M','0b310392@qq.com',1),(395,'a8198393','M','a8198393@qq.com',1),(396,'5a3a4394','M','5a3a4394@qq.com',1),(397,'753f1395','M','753f1395@qq.com',1),(398,'4acd8396','M','4acd8396@qq.com',1),(399,'c3f23397','M','c3f23397@qq.com',1),(400,'a29b0398','M','a29b0398@qq.com',1),(401,'34fbb399','M','34fbb399@qq.com',1),(402,'d9827400','M','d9827400@qq.com',1),(403,'25e9b401','M','25e9b401@qq.com',1),(404,'7cc30402','M','7cc30402@qq.com',1),(405,'83e9c403','M','83e9c403@qq.com',1),(406,'c0c76404','M','c0c76404@qq.com',1),(407,'27283405','M','27283405@qq.com',1),(408,'1701c406','M','1701c406@qq.com',1),(409,'dd76c407','M','dd76c407@qq.com',1),(410,'7c3ec408','M','7c3ec408@qq.com',1),(411,'be37b409','M','be37b409@qq.com',1),(412,'65a47410','M','65a47410@qq.com',1),(413,'b7484411','M','b7484411@qq.com',1),(414,'a91f1412','M','a91f1412@qq.com',1),(415,'ae601413','M','ae601413@qq.com',1),(416,'dab49414','M','dab49414@qq.com',1),(417,'9cc23415','M','9cc23415@qq.com',1),(418,'dcbc0416','M','dcbc0416@qq.com',1),(419,'14fcc417','M','14fcc417@qq.com',1),(420,'f703d418','M','f703d418@qq.com',1),(421,'ecb94419','M','ecb94419@qq.com',1),(422,'fd357420','M','fd357420@qq.com',1),(423,'4c0c9421','M','4c0c9421@qq.com',1),(424,'25f80422','M','25f80422@qq.com',1),(425,'d1f30423','M','d1f30423@qq.com',1),(426,'05686424','M','05686424@qq.com',1),(427,'71367425','M','71367425@qq.com',1),(428,'bfdc4426','M','bfdc4426@qq.com',1),(429,'80f19427','M','80f19427@qq.com',1),(430,'9769c428','M','9769c428@qq.com',1),(431,'6cafa429','M','6cafa429@qq.com',1),(432,'973a9430','M','973a9430@qq.com',1),(433,'4f091431','M','4f091431@qq.com',1),(434,'35c6e432','M','35c6e432@qq.com',1),(435,'0e912433','M','0e912433@qq.com',1),(436,'f47a4434','M','f47a4434@qq.com',1),(437,'0ec03435','M','0ec03435@qq.com',1),(438,'8baef436','M','8baef436@qq.com',1),(439,'8a932437','M','8a932437@qq.com',1),(440,'7c9e0438','M','7c9e0438@qq.com',1),(441,'5915a439','M','5915a439@qq.com',1),(442,'69d52440','M','69d52440@qq.com',1),(443,'7ced8441','M','7ced8441@qq.com',1),(444,'1e4dc442','M','1e4dc442@qq.com',1),(445,'7bd9d443','M','7bd9d443@qq.com',1),(446,'5ffe9444','M','5ffe9444@qq.com',1),(447,'e38e0445','M','e38e0445@qq.com',1),(448,'2ac15446','M','2ac15446@qq.com',1),(449,'fde93447','M','fde93447@qq.com',1),(450,'883c6448','M','883c6448@qq.com',1),(451,'40fe2449','M','40fe2449@qq.com',1),(452,'9a8f5450','M','9a8f5450@qq.com',1),(453,'8298e451','M','8298e451@qq.com',1),(454,'3b323452','M','3b323452@qq.com',1),(455,'127f8453','M','127f8453@qq.com',1),(456,'ca26d454','M','ca26d454@qq.com',1),(457,'629f1455','M','629f1455@qq.com',1),(458,'258cb456','M','258cb456@qq.com',1),(459,'6c253457','M','6c253457@qq.com',1),(460,'4687e458','M','4687e458@qq.com',1),(461,'7fb66459','M','7fb66459@qq.com',1),(462,'83d55460','M','83d55460@qq.com',1),(463,'ffa17461','M','ffa17461@qq.com',1),(464,'6947d462','M','6947d462@qq.com',1),(465,'0e7f0463','M','0e7f0463@qq.com',1),(466,'e5802464','M','e5802464@qq.com',1),(467,'24bef465','M','24bef465@qq.com',1),(468,'c6334466','M','c6334466@qq.com',1),(469,'e5c32467','M','e5c32467@qq.com',1),(470,'b7438468','M','b7438468@qq.com',1),(471,'679bd469','M','679bd469@qq.com',1),(472,'9d7e7470','M','9d7e7470@qq.com',1),(473,'d453d471','M','d453d471@qq.com',1),(474,'d5b88472','M','d5b88472@qq.com',1),(475,'d8d4f473','M','d8d4f473@qq.com',1),(476,'80874474','M','80874474@qq.com',1),(477,'5edfa475','M','5edfa475@qq.com',1),(478,'37695476','M','37695476@qq.com',1),(479,'0f4ae477','M','0f4ae477@qq.com',1),(480,'81a86478','M','81a86478@qq.com',1),(481,'d4368479','M','d4368479@qq.com',1),(482,'6be07480','M','6be07480@qq.com',1),(483,'15197481','M','15197481@qq.com',1),(484,'d176d482','M','d176d482@qq.com',1),(485,'42005483','M','42005483@qq.com',1),(486,'d12c2484','M','d12c2484@qq.com',1),(487,'530ec485','M','530ec485@qq.com',1),(488,'abe9d486','M','abe9d486@qq.com',1),(489,'108c0487','M','108c0487@qq.com',1),(490,'3d2a7488','M','3d2a7488@qq.com',1),(491,'c8e33489','M','c8e33489@qq.com',1),(492,'45b4b490','M','45b4b490@qq.com',1),(493,'7aa52491','M','7aa52491@qq.com',1),(494,'7b06b492','M','7b06b492@qq.com',1),(495,'85d23493','M','85d23493@qq.com',1),(496,'04fd1494','M','04fd1494@qq.com',1),(497,'51d38495','M','51d38495@qq.com',1),(498,'a1f1f496','M','a1f1f496@qq.com',1),(499,'083aa497','M','083aa497@qq.com',1),(500,'1be99498','M','1be99498@qq.com',1),(501,'99798499','M','99798499@qq.com',1),(502,'b3706500','M','b3706500@qq.com',1),(503,'54805501','M','54805501@qq.com',1),(504,'81017502','M','81017502@qq.com',1),(505,'0d0ee503','M','0d0ee503@qq.com',1),(506,'148e4504','M','148e4504@qq.com',1),(507,'72d9d505','M','72d9d505@qq.com',1),(508,'19941506','M','19941506@qq.com',1),(509,'6b226507','M','6b226507@qq.com',1),(510,'2a832508','M','2a832508@qq.com',1),(511,'cf8c3509','M','cf8c3509@qq.com',1),(512,'25c7f510','M','25c7f510@qq.com',1),(513,'c5143511','M','c5143511@qq.com',1),(514,'ab0d2512','M','ab0d2512@qq.com',1),(515,'8289b513','M','8289b513@qq.com',1),(516,'bb730514','M','bb730514@qq.com',1),(517,'bb648515','M','bb648515@qq.com',1),(518,'7e6ee516','M','7e6ee516@qq.com',1),(519,'f222f517','M','f222f517@qq.com',1),(520,'694c1518','M','694c1518@qq.com',1),(521,'66cab519','M','66cab519@qq.com',1),(522,'b7817520','M','b7817520@qq.com',1),(523,'cc0aa521','M','cc0aa521@qq.com',1),(524,'b2889522','M','b2889522@qq.com',1),(525,'8841d523','M','8841d523@qq.com',1),(526,'a96c3524','M','a96c3524@qq.com',1),(527,'c6f57525','M','c6f57525@qq.com',1),(528,'528f6526','M','528f6526@qq.com',1),(529,'fda60527','M','fda60527@qq.com',1),(530,'c6cad528','M','c6cad528@qq.com',1),(531,'63b5a529','M','63b5a529@qq.com',1),(532,'870f5530','M','870f5530@qq.com',1),(533,'e849c531','M','e849c531@qq.com',1),(534,'220b6532','M','220b6532@qq.com',1),(535,'04f02533','M','04f02533@qq.com',1),(536,'1bee0534','M','1bee0534@qq.com',1),(537,'068f3535','M','068f3535@qq.com',1),(538,'122ab536','M','122ab536@qq.com',1),(539,'61bae537','M','61bae537@qq.com',1),(540,'379ae538','M','379ae538@qq.com',1),(541,'38607539','M','38607539@qq.com',1),(542,'4eb8f540','M','4eb8f540@qq.com',1),(543,'48ed5541','M','48ed5541@qq.com',1),(544,'ef7fc542','M','ef7fc542@qq.com',1),(545,'925c2543','M','925c2543@qq.com',1),(546,'d760a544','M','d760a544@qq.com',1),(547,'19635545','M','19635545@qq.com',1),(548,'f24d5546','M','f24d5546@qq.com',1),(549,'caf3b547','M','caf3b547@qq.com',1),(550,'ffd9b548','M','ffd9b548@qq.com',1),(551,'bdd3b549','M','bdd3b549@qq.com',1),(552,'229e1550','M','229e1550@qq.com',1),(553,'9c86d551','M','9c86d551@qq.com',1),(554,'5dd13552','M','5dd13552@qq.com',1),(555,'52a53553','M','52a53553@qq.com',1),(556,'9034b554','M','9034b554@qq.com',1),(557,'3cd44555','M','3cd44555@qq.com',1),(558,'0e4b9556','M','0e4b9556@qq.com',1),(559,'570e4557','M','570e4557@qq.com',1),(560,'044e1558','M','044e1558@qq.com',1),(561,'45d9e559','M','45d9e559@qq.com',1),(562,'79105560','M','79105560@qq.com',1),(563,'a859a561','M','a859a561@qq.com',1),(564,'73f6d562','M','73f6d562@qq.com',1),(565,'17adb563','M','17adb563@qq.com',1),(566,'861ac564','M','861ac564@qq.com',1),(567,'7d2be565','M','7d2be565@qq.com',1),(568,'f5e35566','M','f5e35566@qq.com',1),(569,'5b06b567','M','5b06b567@qq.com',1),(570,'06c77568','M','06c77568@qq.com',1),(571,'c884e569','M','c884e569@qq.com',1),(572,'aecc3570','M','aecc3570@qq.com',1),(573,'02e78571','M','02e78571@qq.com',1),(574,'dfeb8572','M','dfeb8572@qq.com',1),(575,'ff291573','M','ff291573@qq.com',1),(576,'978eb574','M','978eb574@qq.com',1),(577,'51f75575','M','51f75575@qq.com',1),(578,'09ad5576','M','09ad5576@qq.com',1),(579,'403d2577','M','403d2577@qq.com',1),(580,'b90f2578','M','b90f2578@qq.com',1),(581,'3afaf579','M','3afaf579@qq.com',1),(582,'fe821580','M','fe821580@qq.com',1),(583,'2937b581','M','2937b581@qq.com',1),(584,'1d0b1582','M','1d0b1582@qq.com',1),(585,'e92b1583','M','e92b1583@qq.com',1),(586,'16318584','M','16318584@qq.com',1),(587,'30ab6585','M','30ab6585@qq.com',1),(588,'0d545586','M','0d545586@qq.com',1),(589,'97835587','M','97835587@qq.com',1),(590,'d5831588','M','d5831588@qq.com',1),(591,'26012589','M','26012589@qq.com',1),(592,'a6d37590','M','a6d37590@qq.com',1),(593,'21fec591','M','21fec591@qq.com',1),(594,'20bd7592','M','20bd7592@qq.com',1),(595,'683ff593','M','683ff593@qq.com',1),(596,'8bdf2594','M','8bdf2594@qq.com',1),(597,'c409f595','M','c409f595@qq.com',1),(598,'95816596','M','95816596@qq.com',1),(599,'90b79597','M','90b79597@qq.com',1),(600,'33ad5598','M','33ad5598@qq.com',1),(601,'fefa9599','M','fefa9599@qq.com',1),(602,'9e6d5600','M','9e6d5600@qq.com',1),(603,'cc974601','M','cc974601@qq.com',1),(604,'cf58a602','M','cf58a602@qq.com',1),(605,'81684603','M','81684603@qq.com',1),(606,'8c900604','M','8c900604@qq.com',1),(607,'1c447605','M','1c447605@qq.com',1),(608,'3b765606','M','3b765606@qq.com',1),(609,'e3174607','M','e3174607@qq.com',1),(610,'19515608','M','19515608@qq.com',1),(611,'2f0f1609','M','2f0f1609@qq.com',1),(612,'b5945610','M','b5945610@qq.com',1),(613,'edc53611','M','edc53611@qq.com',1),(614,'38363612','M','38363612@qq.com',1),(615,'23f38613','M','23f38613@qq.com',1),(616,'a444a614','M','a444a614@qq.com',1),(617,'3e351615','M','3e351615@qq.com',1),(618,'40735616','M','40735616@qq.com',1),(619,'fef69617','M','fef69617@qq.com',1),(620,'6121c618','M','6121c618@qq.com',1),(621,'c4470619','M','c4470619@qq.com',1),(622,'9a43c620','M','9a43c620@qq.com',1),(623,'9bee7621','M','9bee7621@qq.com',1),(624,'1f07e622','M','1f07e622@qq.com',1),(625,'3505d623','M','3505d623@qq.com',1),(626,'742a1624','M','742a1624@qq.com',1),(627,'82274625','M','82274625@qq.com',1),(628,'c82da626','M','c82da626@qq.com',1),(629,'02f36627','M','02f36627@qq.com',1),(630,'cc037628','M','cc037628@qq.com',1),(631,'b352f629','M','b352f629@qq.com',1),(632,'db190630','M','db190630@qq.com',1),(633,'eb7cc631','M','eb7cc631@qq.com',1),(634,'560b3632','M','560b3632@qq.com',1),(635,'65fe6633','M','65fe6633@qq.com',1),(636,'14887634','M','14887634@qq.com',1),(637,'be546635','M','be546635@qq.com',1),(638,'32165636','M','32165636@qq.com',1),(639,'82a97637','M','82a97637@qq.com',1),(640,'62414638','M','62414638@qq.com',1),(641,'758a0639','M','758a0639@qq.com',1),(642,'a3a14640','M','a3a14640@qq.com',1),(643,'d6a4b641','M','d6a4b641@qq.com',1),(644,'cd815642','M','cd815642@qq.com',1),(645,'1b420643','M','1b420643@qq.com',1),(646,'1cfb1644','M','1cfb1644@qq.com',1),(647,'94d01645','M','94d01645@qq.com',1),(648,'f4842646','M','f4842646@qq.com',1),(649,'90c0c647','M','90c0c647@qq.com',1),(650,'6007c648','M','6007c648@qq.com',1),(651,'a1e7d649','M','a1e7d649@qq.com',1),(652,'dcd97650','M','dcd97650@qq.com',1),(653,'640dd651','M','640dd651@qq.com',1),(654,'3b942652','M','3b942652@qq.com',1),(655,'accec653','M','accec653@qq.com',1),(656,'4adf8654','M','4adf8654@qq.com',1),(657,'79317655','M','79317655@qq.com',1),(658,'4baeb656','M','4baeb656@qq.com',1),(659,'d1e5d657','M','d1e5d657@qq.com',1),(660,'eb090658','M','eb090658@qq.com',1),(661,'4ced1659','M','4ced1659@qq.com',1),(662,'9d67c660','M','9d67c660@qq.com',1),(663,'4075a661','M','4075a661@qq.com',1),(664,'67be6662','M','67be6662@qq.com',1),(665,'7b337663','M','7b337663@qq.com',1),(666,'0fb05664','M','0fb05664@qq.com',1),(667,'aefff665','M','aefff665@qq.com',1),(668,'f99ce666','M','f99ce666@qq.com',1),(669,'8b02a667','M','8b02a667@qq.com',1),(670,'ad22f668','M','ad22f668@qq.com',1),(671,'0d239669','M','0d239669@qq.com',1),(672,'b8fd8670','M','b8fd8670@qq.com',1),(673,'2a269671','M','2a269671@qq.com',1),(674,'10706672','M','10706672@qq.com',1),(675,'4110c673','M','4110c673@qq.com',1),(676,'bd11e674','M','bd11e674@qq.com',1),(677,'9bea8675','M','9bea8675@qq.com',1),(678,'18736676','M','18736676@qq.com',1),(679,'2c7a1677','M','2c7a1677@qq.com',1),(680,'cded5678','M','cded5678@qq.com',1),(681,'99b58679','M','99b58679@qq.com',1),(682,'091de680','M','091de680@qq.com',1),(683,'b5846681','M','b5846681@qq.com',1),(684,'25cb4682','M','25cb4682@qq.com',1),(685,'0fc38683','M','0fc38683@qq.com',1),(686,'b9f34684','M','b9f34684@qq.com',1),(687,'bc75c685','M','bc75c685@qq.com',1),(688,'00eeb686','M','00eeb686@qq.com',1),(689,'1040d687','M','1040d687@qq.com',1),(690,'add32688','M','add32688@qq.com',1),(691,'c0e1f689','M','c0e1f689@qq.com',1),(692,'1182b690','M','1182b690@qq.com',1),(693,'12e1a691','M','12e1a691@qq.com',1),(694,'c238a692','M','c238a692@qq.com',1),(695,'eeee6693','M','eeee6693@qq.com',1),(696,'6aae9694','M','6aae9694@qq.com',1),(697,'1d410695','M','1d410695@qq.com',1),(698,'0a326696','M','0a326696@qq.com',1),(699,'b3d10697','M','b3d10697@qq.com',1),(700,'3bb2e698','M','3bb2e698@qq.com',1),(701,'a420f699','M','a420f699@qq.com',1),(702,'baa00700','M','baa00700@qq.com',1),(703,'2ce30701','M','2ce30701@qq.com',1),(704,'4b3de702','M','4b3de702@qq.com',1),(705,'fd46a703','M','fd46a703@qq.com',1),(706,'75c47704','M','75c47704@qq.com',1),(707,'533c8705','M','533c8705@qq.com',1),(708,'c946c706','M','c946c706@qq.com',1),(709,'1e6c6707','M','1e6c6707@qq.com',1),(710,'6d16b708','M','6d16b708@qq.com',1),(711,'b78ac709','M','b78ac709@qq.com',1),(712,'f0719710','M','f0719710@qq.com',1),(713,'dc6b9711','M','dc6b9711@qq.com',1),(714,'322f9712','M','322f9712@qq.com',1),(715,'79ef5713','M','79ef5713@qq.com',1),(716,'b0a47714','M','b0a47714@qq.com',1),(717,'22a28715','M','22a28715@qq.com',1),(718,'cc90e716','M','cc90e716@qq.com',1),(719,'96e8e717','M','96e8e717@qq.com',1),(720,'71791718','M','71791718@qq.com',1),(721,'de724719','M','de724719@qq.com',1),(722,'1d4e0720','M','1d4e0720@qq.com',1),(723,'162e7721','M','162e7721@qq.com',1),(724,'64849722','M','64849722@qq.com',1),(725,'07179723','M','07179723@qq.com',1),(726,'57d08724','M','57d08724@qq.com',1),(727,'93cf1725','M','93cf1725@qq.com',1),(728,'eea18726','M','eea18726@qq.com',1),(729,'056aa727','M','056aa727@qq.com',1),(730,'456b3728','M','456b3728@qq.com',1),(731,'124d7729','M','124d7729@qq.com',1),(732,'a0ca2730','M','a0ca2730@qq.com',1),(733,'736e1731','M','736e1731@qq.com',1),(734,'3b1d1732','M','3b1d1732@qq.com',1),(735,'ba54d733','M','ba54d733@qq.com',1),(736,'67b27734','M','67b27734@qq.com',1),(737,'2e856735','M','2e856735@qq.com',1),(738,'8cdf5736','M','8cdf5736@qq.com',1),(739,'2ad1e737','M','2ad1e737@qq.com',1),(740,'7fd2b738','M','7fd2b738@qq.com',1),(741,'61bde739','M','61bde739@qq.com',1),(742,'aedca740','M','aedca740@qq.com',1),(743,'be36b741','M','be36b741@qq.com',1),(744,'40d56742','M','40d56742@qq.com',1),(745,'f000a743','M','f000a743@qq.com',1),(746,'d27b8744','M','d27b8744@qq.com',1),(747,'7be5e745','M','7be5e745@qq.com',1),(748,'76afd746','M','76afd746@qq.com',1),(749,'e0a60747','M','e0a60747@qq.com',1),(750,'64e1b748','M','64e1b748@qq.com',1),(751,'54b02749','M','54b02749@qq.com',1),(752,'705b5750','M','705b5750@qq.com',1),(753,'f3142751','M','f3142751@qq.com',1),(754,'5eb62752','M','5eb62752@qq.com',1),(755,'cb203753','M','cb203753@qq.com',1),(756,'e4d61754','M','e4d61754@qq.com',1),(757,'bfef5755','M','bfef5755@qq.com',1),(758,'c793e756','M','c793e756@qq.com',1),(759,'fc4bb757','M','fc4bb757@qq.com',1),(760,'51baa758','M','51baa758@qq.com',1),(761,'2dfa6759','M','2dfa6759@qq.com',1),(762,'43b17760','M','43b17760@qq.com',1),(763,'8fefc761','M','8fefc761@qq.com',1),(764,'52d6d762','M','52d6d762@qq.com',1),(765,'299a9763','M','299a9763@qq.com',1),(766,'939fc764','M','939fc764@qq.com',1),(767,'7a7b2765','M','7a7b2765@qq.com',1),(768,'0e9eb766','M','0e9eb766@qq.com',1),(769,'47b7b767','M','47b7b767@qq.com',1),(770,'2076d768','M','2076d768@qq.com',1),(771,'7a1ac769','M','7a1ac769@qq.com',1),(772,'1f2d7770','M','1f2d7770@qq.com',1),(773,'cee72771','M','cee72771@qq.com',1),(774,'9550b772','M','9550b772@qq.com',1),(775,'2ca52773','M','2ca52773@qq.com',1),(776,'b4644774','M','b4644774@qq.com',1),(777,'38703775','M','38703775@qq.com',1),(778,'a9557776','M','a9557776@qq.com',1),(779,'2df4d777','M','2df4d777@qq.com',1),(780,'e4e1f778','M','e4e1f778@qq.com',1),(781,'57ae2779','M','57ae2779@qq.com',1),(782,'b1dbe780','M','b1dbe780@qq.com',1),(783,'229b3781','M','229b3781@qq.com',1),(784,'75b67782','M','75b67782@qq.com',1),(785,'2cebf783','M','2cebf783@qq.com',1),(786,'710d9784','M','710d9784@qq.com',1),(787,'8ab5d785','M','8ab5d785@qq.com',1),(788,'7fdb4786','M','7fdb4786@qq.com',1),(789,'69a36787','M','69a36787@qq.com',1),(790,'239bb788','M','239bb788@qq.com',1),(791,'48870789','M','48870789@qq.com',1),(792,'5123d790','M','5123d790@qq.com',1),(793,'ab41a791','M','ab41a791@qq.com',1),(794,'7c965792','M','7c965792@qq.com',1),(795,'de54e793','M','de54e793@qq.com',1),(796,'33feb794','M','33feb794@qq.com',1),(797,'9674a795','M','9674a795@qq.com',1),(798,'e77b4796','M','e77b4796@qq.com',1),(799,'0ef01797','M','0ef01797@qq.com',1),(800,'7585f798','M','7585f798@qq.com',1),(801,'ae355799','M','ae355799@qq.com',1),(802,'507f3800','M','507f3800@qq.com',1),(803,'ccd9f801','M','ccd9f801@qq.com',1),(804,'161d0802','M','161d0802@qq.com',1),(805,'62988803','M','62988803@qq.com',1),(806,'ecbf3804','M','ecbf3804@qq.com',1),(807,'6dfc0805','M','6dfc0805@qq.com',1),(808,'7efb2806','M','7efb2806@qq.com',1),(809,'a3c02807','M','a3c02807@qq.com',1),(810,'6839f808','M','6839f808@qq.com',1),(811,'c1dd3809','M','c1dd3809@qq.com',1),(812,'ab953810','M','ab953810@qq.com',1),(813,'30c2d811','M','30c2d811@qq.com',1),(814,'f2a51812','M','f2a51812@qq.com',1),(815,'7cb27813','M','7cb27813@qq.com',1),(816,'8ca30814','M','8ca30814@qq.com',1),(817,'48389815','M','48389815@qq.com',1),(818,'3b098816','M','3b098816@qq.com',1),(819,'12742817','M','12742817@qq.com',1),(820,'d6122818','M','d6122818@qq.com',1),(821,'39600819','M','39600819@qq.com',1),(822,'4a2a3820','M','4a2a3820@qq.com',1),(823,'0e288821','M','0e288821@qq.com',1),(824,'16b97822','M','16b97822@qq.com',1),(825,'88996823','M','88996823@qq.com',1),(826,'6460b824','M','6460b824@qq.com',1),(827,'f792f825','M','f792f825@qq.com',1),(828,'743e7826','M','743e7826@qq.com',1),(829,'94dbb827','M','94dbb827@qq.com',1),(830,'189d0828','M','189d0828@qq.com',1),(831,'9632a829','M','9632a829@qq.com',1),(832,'ce1d7830','M','ce1d7830@qq.com',1),(833,'6dc40831','M','6dc40831@qq.com',1),(834,'71c5f832','M','71c5f832@qq.com',1),(835,'8685f833','M','8685f833@qq.com',1),(836,'7c0bd834','M','7c0bd834@qq.com',1),(837,'15946835','M','15946835@qq.com',1),(838,'2932b836','M','2932b836@qq.com',1),(839,'bd6dd837','M','bd6dd837@qq.com',1),(840,'0db1e838','M','0db1e838@qq.com',1),(841,'628dd839','M','628dd839@qq.com',1),(842,'3aaee840','M','3aaee840@qq.com',1),(843,'9d415841','M','9d415841@qq.com',1),(844,'43761842','M','43761842@qq.com',1),(845,'9cc7d843','M','9cc7d843@qq.com',1),(846,'317d3844','M','317d3844@qq.com',1),(847,'ff56a845','M','ff56a845@qq.com',1),(848,'300fc846','M','300fc846@qq.com',1),(849,'4aeca847','M','4aeca847@qq.com',1),(850,'895b8848','M','895b8848@qq.com',1),(851,'0a315849','M','0a315849@qq.com',1),(852,'a04cf850','M','a04cf850@qq.com',1),(853,'87ba5851','M','87ba5851@qq.com',1),(854,'ea6b0852','M','ea6b0852@qq.com',1),(855,'84f17853','M','84f17853@qq.com',1),(856,'5f3df854','M','5f3df854@qq.com',1),(857,'df364855','M','df364855@qq.com',1),(858,'e4a1f856','M','e4a1f856@qq.com',1),(859,'a2b35857','M','a2b35857@qq.com',1),(860,'ac2af858','M','ac2af858@qq.com',1),(861,'de6ef859','M','de6ef859@qq.com',1),(862,'2fd55860','M','2fd55860@qq.com',1),(863,'64cb6861','M','64cb6861@qq.com',1),(864,'74645862','M','74645862@qq.com',1),(865,'344e5863','M','344e5863@qq.com',1),(866,'b0ee3864','M','b0ee3864@qq.com',1),(867,'be1fd865','M','be1fd865@qq.com',1),(868,'82f64866','M','82f64866@qq.com',1),(869,'14daf867','M','14daf867@qq.com',1),(870,'033da868','M','033da868@qq.com',1),(871,'ef1fa869','M','ef1fa869@qq.com',1),(872,'1b620870','M','1b620870@qq.com',1),(873,'696b4871','M','696b4871@qq.com',1),(874,'cff10872','M','cff10872@qq.com',1),(875,'74615873','M','74615873@qq.com',1),(876,'1cfaf874','M','1cfaf874@qq.com',1),(877,'5cfaa875','M','5cfaa875@qq.com',1),(878,'3ba6d876','M','3ba6d876@qq.com',1),(879,'d0ee7877','M','d0ee7877@qq.com',1),(880,'941e5878','M','941e5878@qq.com',1),(881,'02726879','M','02726879@qq.com',1),(882,'f0138880','M','f0138880@qq.com',1),(883,'41833881','M','41833881@qq.com',1),(884,'f9986882','M','f9986882@qq.com',1),(885,'a8b22883','M','a8b22883@qq.com',1),(886,'1b935884','M','1b935884@qq.com',1),(887,'f8614885','M','f8614885@qq.com',1),(888,'54496886','M','54496886@qq.com',1),(889,'baa14887','M','baa14887@qq.com',1),(890,'a2639888','M','a2639888@qq.com',1),(891,'0ca2c889','M','0ca2c889@qq.com',1),(892,'cc1c3890','M','cc1c3890@qq.com',1),(893,'70cf9891','M','70cf9891@qq.com',1),(894,'ac71e892','M','ac71e892@qq.com',1),(895,'1ad1d893','M','1ad1d893@qq.com',1),(896,'d545b894','M','d545b894@qq.com',1),(897,'0762a895','M','0762a895@qq.com',1),(898,'30bed896','M','30bed896@qq.com',1),(899,'aff86897','M','aff86897@qq.com',1),(900,'c46db898','M','c46db898@qq.com',1),(901,'95967899','M','95967899@qq.com',1),(902,'3f62e900','M','3f62e900@qq.com',1),(903,'3a87e901','M','3a87e901@qq.com',1),(904,'00200902','M','00200902@qq.com',1),(905,'b8f8e903','M','b8f8e903@qq.com',1),(906,'c540b904','M','c540b904@qq.com',1),(907,'f7611905','M','f7611905@qq.com',1),(908,'ce177906','M','ce177906@qq.com',1),(909,'27a06907','M','27a06907@qq.com',1),(910,'8fd25908','M','8fd25908@qq.com',1),(911,'c9152909','M','c9152909@qq.com',1),(912,'7dd97910','M','7dd97910@qq.com',1),(913,'05c8c911','M','05c8c911@qq.com',1),(914,'bab66912','M','bab66912@qq.com',1),(915,'89032913','M','89032913@qq.com',1),(916,'e411a914','M','e411a914@qq.com',1),(917,'be94c915','M','be94c915@qq.com',1),(918,'1fa7f916','M','1fa7f916@qq.com',1),(919,'9d9e4917','M','9d9e4917@qq.com',1),(920,'468aa918','M','468aa918@qq.com',1),(921,'b3196919','M','b3196919@qq.com',1),(922,'4c343920','M','4c343920@qq.com',1),(923,'4836c921','M','4836c921@qq.com',1),(924,'f82a9922','M','f82a9922@qq.com',1),(925,'7594f923','M','7594f923@qq.com',1),(926,'a54b6924','M','a54b6924@qq.com',1),(927,'e07c3925','M','e07c3925@qq.com',1),(928,'c5ce3926','M','c5ce3926@qq.com',1),(929,'2db4d927','M','2db4d927@qq.com',1),(930,'1af93928','M','1af93928@qq.com',1),(931,'a63b1929','M','a63b1929@qq.com',1),(932,'91de9930','M','91de9930@qq.com',1),(933,'1a65f931','M','1a65f931@qq.com',1),(934,'e344d932','M','e344d932@qq.com',1),(935,'5d1f3933','M','5d1f3933@qq.com',1),(936,'ff4bb934','M','ff4bb934@qq.com',1),(937,'891b7935','M','891b7935@qq.com',1),(938,'dad03936','M','dad03936@qq.com',1),(939,'a827e937','M','a827e937@qq.com',1),(940,'5143d938','M','5143d938@qq.com',1),(941,'e2055939','M','e2055939@qq.com',1),(942,'2cd63940','M','2cd63940@qq.com',1),(943,'77dc1941','M','77dc1941@qq.com',1),(944,'92030942','M','92030942@qq.com',1),(945,'1cec3943','M','1cec3943@qq.com',1),(946,'d0c30944','M','d0c30944@qq.com',1),(947,'6f8a1945','M','6f8a1945@qq.com',1),(948,'01bff946','M','01bff946@qq.com',1),(949,'51653947','M','51653947@qq.com',1),(950,'c66f8948','M','c66f8948@qq.com',1),(951,'fa799949','M','fa799949@qq.com',1),(952,'f1bd9950','M','f1bd9950@qq.com',1),(953,'b49b0951','M','b49b0951@qq.com',1),(954,'d25d3952','M','d25d3952@qq.com',1),(955,'14905953','M','14905953@qq.com',1),(956,'f967d954','M','f967d954@qq.com',1),(957,'24548955','M','24548955@qq.com',1),(958,'756e5956','M','756e5956@qq.com',1),(959,'d097f957','M','d097f957@qq.com',1),(960,'9f4a8958','M','9f4a8958@qq.com',1),(961,'4f871959','M','4f871959@qq.com',1),(962,'6dbfd960','M','6dbfd960@qq.com',1),(963,'d226e961','M','d226e961@qq.com',1),(964,'051c9962','M','051c9962@qq.com',1),(965,'8dcf3963','M','8dcf3963@qq.com',1),(966,'05da7964','M','05da7964@qq.com',1),(967,'44faa965','M','44faa965@qq.com',1),(968,'d46a3966','M','d46a3966@qq.com',1),(969,'d5a93967','M','d5a93967@qq.com',1),(970,'2e3a3968','M','2e3a3968@qq.com',1),(971,'d67a4969','M','d67a4969@qq.com',1),(972,'9dce0970','M','9dce0970@qq.com',1),(973,'97fdf971','M','97fdf971@qq.com',1),(974,'86a8b972','M','86a8b972@qq.com',1),(975,'badaa973','M','badaa973@qq.com',1),(976,'d0819974','M','d0819974@qq.com',1),(977,'31d8b975','M','31d8b975@qq.com',1),(978,'3c0d4976','M','3c0d4976@qq.com',1),(979,'b9d7c977','M','b9d7c977@qq.com',1),(980,'9989c978','M','9989c978@qq.com',1),(981,'d350e979','M','d350e979@qq.com',1),(982,'6d2e0980','M','6d2e0980@qq.com',1),(983,'33a7c981','M','33a7c981@qq.com',1),(984,'973c6982','M','973c6982@qq.com',1),(985,'c0a30983','M','c0a30983@qq.com',1),(986,'40924984','M','40924984@qq.com',1),(987,'c41cd985','M','c41cd985@qq.com',1),(988,'dd448986','M','dd448986@qq.com',1),(989,'9c3b5987','M','9c3b5987@qq.com',1),(990,'1f75a988','M','1f75a988@qq.com',1),(991,'84f5f989','M','84f5f989@qq.com',1),(992,'d9810990','M','d9810990@qq.com',1),(993,'80d8c991','M','80d8c991@qq.com',1),(994,'24166992','M','24166992@qq.com',1),(995,'f7b3a993','M','f7b3a993@qq.com',1),(996,'d457a994','M','d457a994@qq.com',1),(997,'a0736995','M','a0736995@qq.com',1),(998,'3a2e9996','M','3a2e9996@qq.com',1),(999,'c4c28997','M','c4c28997@qq.com',1),(1000,'9b6d4998','M','9b6d4998@qq.com',1),(1001,'d3c3e999','M','d3c3e999@qq.com',1),(1002,'qwe','F','qwe@qq.com',2),(1003,'qwe','F','qwe@qq.com',2),(1004,'张三','M','1045327789@qq.com',1),(1006,'qweqwe','M','1045327789@qq.com',1),(1007,'qweqwe','M','1045327783@qq.com',1),(1008,'naddan','M','1045327789@qq.com',1),(1009,'qweqwe','M','1045327783@qq.com',1),(1010,'qweqwe','M','1045327789@qq.com',1),(1011,'qweqwe','M','1045327781@qq.com',1),(1012,'qweqwe','M','1045327789@qq.com',1),(1013,'qweqwe','M','10453277890@qq.com',1),(1014,'qwnqwn','M','104532778901@qq.com',1),(1015,'qweqwe','M','1045327789@qq.comm',1),(1016,'qweqwe','M','10453277891@qq.com',1),(1017,'你先','M','930@qq.com',4),(1018,'qw1234','F','qw@qq.com',5),(1019,'qweqwe','M','104532778903@qq.com',1),(1020,'qw','M','1045327789036@qq.com',1),(1021,'wqe','M','104532778930@qq.com',1),(1022,'w','M','10453279@qq.com',1),(1023,'q','M','q',1),(1024,'q','M','we',1),(1025,'q','M','q',1),(1026,'q','M','q',1),(1027,'q','M','q',1),(1028,'q','M','q',1),(1029,'a','M','a',1),(1030,'q','M','q',1),(1031,'w','M','w',1),(1032,'c','M','c',1),(1033,'qqqqqq','M','1045327789@qq.com',1),(1034,'qqqqqq','M','1045327789@qq.com',1),(1035,'qweasd','M','1045327789@qq.com',1),(1036,'qqqqqq','M','10453277830@qq.com',1),(1037,'qqqqqq','M','104532778@qq.com',1),(1038,'qqqqqq','M','1@qq.com',1),(1039,'qqqqqq','M','104539@qq.com',1),(1040,'weqwer','M','qwee@qq.com',1),(1044,'Jerry3','M','Jerry3@qq.com',1);
/*!40000 ALTER TABLE `t_emp` ENABLE KEYS */;
UNLOCK TABLES;

--
-- Table structure for table `t_user`
--

DROP TABLE IF EXISTS `t_user`;
/*!40101 SET @saved_cs_client     = @@character_set_client */;
/*!40101 SET character_set_client = utf8 */;
CREATE TABLE `t_user` (
  `id` int(11) NOT NULL AUTO_INCREMENT,
  `username` varchar(25) NOT NULL,
  `password` varchar(25) NOT NULL,
  PRIMARY KEY (`id`)
) ENGINE=InnoDB AUTO_INCREMENT=4 DEFAULT CHARSET=utf8;
/*!40101 SET character_set_client = @saved_cs_client */;

--
-- Dumping data for table `t_user`
--

LOCK TABLES `t_user` WRITE;
/*!40000 ALTER TABLE `t_user` DISABLE KEYS */;
INSERT INTO `t_user` VALUES (1,'admin','admin'),(2,'admin1','admin1'),(3,'admin0','admin0');
/*!40000 ALTER TABLE `t_user` ENABLE KEYS */;
UNLOCK TABLES;
/*!40103 SET TIME_ZONE=@OLD_TIME_ZONE */;

/*!40101 SET SQL_MODE=@OLD_SQL_MODE */;
/*!40014 SET FOREIGN_KEY_CHECKS=@OLD_FOREIGN_KEY_CHECKS */;
/*!40014 SET UNIQUE_CHECKS=@OLD_UNIQUE_CHECKS */;
/*!40101 SET CHARACTER_SET_CLIENT=@OLD_CHARACTER_SET_CLIENT */;
/*!40101 SET CHARACTER_SET_RESULTS=@OLD_CHARACTER_SET_RESULTS */;
/*!40101 SET COLLATION_CONNECTION=@OLD_COLLATION_CONNECTION */;
/*!40111 SET SQL_NOTES=@OLD_SQL_NOTES */;

-- Dump completed on 2023-12-10 21:43:10
